Order Threshold,Inventory Capacity,Average Ordering Cost,Average Holding Cost,Average Shortage Cost,Average Cost
20,40,97.7639,8.98629,18.0239,124.774
20,60,88.6389,17.6214,12.5951,118.855
20,80,84.4789,27.4199,9.47705,121.376
20,100,82.0694,37.2531,7.08128,126.404
40,60,98.4744,25.6651,1.9137,126.053
40,80,89.6808,35.1557,1.36541,126.202
40,100,84.1942,45.5507,1.14632,130.891
60,80,98.5361,45.2054,0.128499,143.87
60,100,87.9603,55.0907,0.0587993,143.11
