Policy,Order Threshold,Inventory Capacity,Average Ordering Cost,Average Holding Cost,Average Shortage Cost,Average Cost
1,20,40,98.6344,8.88142,18.4599,125.976
2,20,60,88.8767,17.3914,12.7115,118.98
3,20,80,84.8656,27.2403,9.46335,121.569
4,20,100,81.4678,37.0715,7.35383,125.893
5,40,60,98.8047,25.5323,1.84258,126.18
6,40,80,89.0067,35.188,1.59473,125.789
7,40,100,84.7181,45.5521,1.03715,131.307
8,60,80,98.0631,45.2199,0.0778331,143.361
9,60,100,89.1067,54.8553,0.0563413,144.018